Workbook

Sheet malumot
A1: audit_id | B1: pws_id | C1: period_start | D1: service_connections | E1: mains_miles | F1: validity_score | G1: real_losses_af | H1: real_losses_cost_usd | I1: nrw_percent | J1: real_losses_gcd | K1: supplier_name | L1: city | M1: yil
A2: 1 | B2: CA0110001 | C2: 2016-01-01 | D2: 84189 | E2: 906.0587 | F2: 51 | G2: 1076.6546 | H2: 599917.43 | I2: 5.4008643 | J2: 11.416875 | K2: Alameda County Water District | L2: Fremont | M2: 2016
A3: 2 | B3: CA0110001 | C3: 2017-01-01 | D3: 84955 | E3: 909.6 | F3: 53 | G3: 2432.33 | H3: 1623863.5 | I3: 8.8991415 | J3: 25.630155 | K3: Alameda County Water District | L3: Fremont | M3: 2017
A4: 3 | B4: CA0110001 | C4: 2018-01-01 | D4: 86250 | E4: 946.84 | F4: 56 | G4: 2630.9711 | H4: 1561830.2 | I4: 8.8323434 | J4: 27.307041 | K4: Alameda County Water District | L4: Fremont | M4: 2018
A5: 4 | B5: CA0110001 | C5: 2019-01-01 | D5: 85825 | E5: 948.5 | F5: 60 | G5: 2467.2471 | H5: 1894013 | I5: 8.5145914 | J5: 25.734546 | K5: Alameda County Water District | L5: Fremont | M5: 2019
A6: 5 | B6: CA0110001 | C6: 2020-01-01 | D6: 86437 | E6: 960.72 | F6: 65 | G6: 2470.7848 | H6: 1936468.9 | I6: 8.2371844 | J6: 25.51887 | K6: Alameda County Water District | L6: Fremont | M6: 2020
A7: 6 | B7: CA0110001 | C7: 2021-01-01 | D7: 86852 | E7: 963.63 | F7: 62 | G7: 2092.5372 | H7: 1818378.3 | I7: 7.5768142 | J7: 21.568057 | K7: Alameda County Water District | L7: Fremont | M7: 2021
A8: 7 | B8: CA0110001 | C8: 2022-01-01 | D8: 87366 | E8: 965.71 | F8: 64 | G8: 1717.2228 | H8: 1474996.6 | I8: 7.0347413 | J8: 17.59551 | K8: Alameda County Water District | L8: Fremont | M8: 2022
A9: 8 | B9: CA0110001 | C9: 2023-01-01 | D9: 88391 | E9: 966.59 | F9: 57 | G9: 1385.7043 | H9: 1609981.3 | I9: 6.3433211 | J9: 14.033959 | K9: Alameda County Water District | L9: Fremont | M9: 2023
A10: 9 | B10: CA0110001 | C10: 2024-01-01 | D10: 88634 | E10: 967.69 | F10: 77 | G10: 1565.9401 | H10: 1773153.9 | I10: 5.2552465 | J10: 15.772516 | K10: Alameda County Water District | L10: Fremont | M10: 2024
A11: 10 | B11: CA0110003 | C11: 2016-01-01 | D11: 19117 | E11: 233.02 | F11: 58 | G11: 365.16327 | H11: 209636.58 | I11: 7.4100789 | J11: 17.052715 | K11: California Water Service Company Livermore | L11: LIV Livermore | M11: 2016
A12: 11 | B12: CA0110003 | C12: 2017-01-01 | D12: 18785 | E12: 228.8 | F12: 62 | G12: 16.210605 | H12: 20188.688 | I12: 2.9227838 | J12: 0.77251285 | K12: California Water Service Company Livermore | L12: LIV Livermore | M12: 2017
A13: 12 | B13: CA0110003 | C13: 2018-01-01 | D13: 18905 | E13: 229.29 | F13: 63 | G13: 448.84759 | H13: 481279.57 | I13: 7.5872231 | J13: 21.253962 | K13: California Water Service Company Livermore | L13: LIV Livermore | M13: 2018
... A90: 146 | B90: CA0410005 | C90: 2024-01-01 | D90: 3883.4167 | E90: 62.571389 | F90: 71 | G90: 287.32019 | H90: 71747.651 | I90: 13.265842 | J90: 66.050842 | K90: California Water Service Company Oroville | L90: ORO Oroville | M90: 2024
A91: 147 | B91: CA0410006 | C91: 2017-01-01 | D91: 7000 | E91: 200 | F91: 94 | G91: 446.57689 | I91: 11.748818 | J91: 57.110489 | K91: South Feather Water and Power | L91: Oroville | M91: 2017
A92: 148 | B92: CA0410006 | C92: 2018-01-01 | D92: 6804 | E92: 149 | F92: 66 | G92: 478.53642 | H92: 87549.064 | I92: 14.005622 | J92: 62.960528 | K92: South Feather Water and Power | L92: Oroville | M92: 2018
A93: 149 | B93: CA0410006 | C93: 2019-01-01 | D93: 6790 | E93: 149 | F93: 66 | G93: 485.08996 | H93: 38084.668 | I93: 14.331046 | J93: 63.954364 | K93: South Feather Water and Power | L93: Oroville | M93: 2019
A94: 150 | B94: CA0410006 | C94: 2020-01-01 | D94: 6909 | E94: 149 | F94: 66 | G94: 580.25562 | H94: 106158.77 | I94: 14.780853 | J94: 74.977396 | K94: South Feather Water and Power | L94: Oroville | M94: 2020
A95: 151 | B95: CA0410006 | C95: 2021-01-01 | D95: 6872 | E95: 150 | F95: 66 | G95: 531.73425 | H95: 97281.7 | I95: 14.196597 | J95: 69.267443 | K95: South Feather Water and Power | L95: Oroville | M95: 2021
A96: 152 | B96: CA0410006 | C96: 2022-01-01 | D96: 6960 | E96: 150 | F96: 67 | G96: 601.21654 | H96: 35901.912 | I96: 12.956556 | J96: 77.328458 | K96: South Feather Water and Power | L96: Oroville | M96: 2022
A97: 153 | B97: CA0410006 | C97: 2023-01-01 | D97: 6843 | E97: 150 | F97: 64 | G97: 603.66387 | H97: 366159.42 | I97: 13.325786 | J97: 78.970761 | K97: South Feather Water and Power | L97: Oroville | M97: 2023
A98: 154 | B98: CA0410006 | C98: 2024-01-01 | D98: 6878 | E98: 150 | F98: 69 | G98: 523.24378 | H98: 318622.6 | I98: 12.035662 | J98: 67.915374 | K98: South Feather Water and Power | L98: Oroville | M98: 2024
A99: 155 | B99: CA0410007 | C99: 2016-01-01 | D99: 8632 | E99: 177.91 | F99: 52 | G99: 261.45527 | H99: 13804.838 | I99: 8.1784834 | J99: 27.040341 | K99: Paradise Irrigation District | L99: Paradise | M99: 2016
A100: 156 | B100: CA0410007 | C100: 2017-01-01 | D100: 8649 | E100: 177.91 | F100: 58 | G100: 142.43639 | H100: 7613.2252 | I100: 4.5522903 | J100: 14.742555 | K100: Paradise Irrigation District | L100: Paradise | M100: 2017
A101: 157 | B101: CA0410007 | C101: 2018-01-01 | D101: 10546 | E101: 177.9 | F101: 51 | G101: 428.42517 | H101: 33815.599 | I101: 23.692503 | J101: 36.366783 | K101: Paradise Irrigation District | L101: Paradise | M101: 2018
A102: 158 | B102: CA0410007 | C102: 2019-01-01 | D102: 10562 | E102: 175.82 | F102: 35 | G102: 1870 | H102: 217499.7 | I102: 70.948308 | J102: 158.49411 | K102: Paradise Irrigation District | L102: Paradise | M102: 2019
A103: 159 | B103: CA0410007 | C103: 2020-01-01 | D103: 10954 | E103: 176.45 | F103: 34 | G103: 1402.4999 | H103: 140923.19 | I103: 71.534217 | J103: 114.30265 | K103: Paradise Irrigation District | L103: Paradise | M103: 2020
... A395: 602 | B395: CA1510001 | C395: 2016-01-01 | D395: 3875 | E395: 60 | F395: 59 | G395: 351.82202 | H395: 162619.16 | I395: 16.788321 | J395: 81.054571 | K395: Arvin Community Service District | L395: Arvin | M395: 2016
A396: 603 | B396: CA1510001 | C396: 2017-01-01 | D396: 4132 | E396: 62 | F396: 57 | G396: 303.78199 | I396: 15.506219 | J396: 65.814165 | K396: Arvin Community Service District | L396: Arvin | M396: 2017
A397: 604 | B397: CA1510001 | C397: 2018-01-01 | D397: 4132 | E397: 62 | F397: 64 | G397: 268.21077 | H397: 87134.541 | I397: 12.099289 | J397: 58.107684 | K397: Arvin Community Service District | L397: Arvin | M397: 2018
A398: 605 | B398: CA1510001 | C398: 2019-01-01 | D398: 4250 | E398: 65 | F398: 64 | G398: 251.39746 | I398: 11.839537 | J398: 52.952885 | K398: Arvin Community Service District | L398: Arvin | M398: 2019
A399: 606 | B399: CA1510001 | C399: 2020-01-01 | D399: 4250 | E399: 65 | F399: 68 | G399: 175.49468 | I399: 8.8386704 | J399: 36.863895 | K399: Arvin Community Service District | L399: Arvin | M399: 2020
A400: 607 | B400: CA1510001 | C400: 2021-01-01 | D400: 4250 | E400: 65 | F400: 64 | G400: 261.06425 | I400: 11.511785 | J400: 54.989041 | K400: Arvin Community Service District | L400: Arvin | M400: 2021
A401: 608 | B401: CA1510001 | C401: 2022-01-01 | D401: 4550 | E401: 65 | F401: 68 | G401: 201.23579 | H401: 22002.977 | I401: 9.6862215 | J401: 39.59237 | K401: Arvin Community Service District | L401: Arvin | M401: 2022
A402: 609 | B402: CA1510001 | C402: 2023-01-01 | D402: 4362 | E402: 65 | F402: 68 | G402: 129.95776 | H402: 21910.689 | I402: 9.2484056 | J402: 26.67069 | K402: Arvin Community Service District | L402: Arvin | M402: 2023
A403: 610 | B403: CA1510003 | C403: 2016-01-01 | D403: 64668 | E403: 845 | F403: 58 | G403: 2878.8904 | H403: 821664.1 | I403: 7.9996721 | J403: 39.743114 | K403: California Water Service Company Bakersfield | L403: BK Bakersfield | M403: 2016
A404: 611 | B404: CA1510003 | C404: 2017-01-01 | D404: 66373 | E404: 845 | F404: 59 | G404: 4359.583 | H404: 1301509.9 | I404: 10.873593 | J404: 58.799167 | K404: California Water Service Company Bakersfield | L404: BK Bakersfield | M404: 2017
A405: 612 | B405: CA1510003 | C405: 2018-01-01 | D405: 66847 | E405: 880.43921 | F405: 60 | G405: 5093.1944 | H405: 1435934.5 | I405: 11.952661 | J405: 68.206538 | K405: California Water Service Company Bakersfield | L405: BK Bakersfield | M405: 2018
A406: 613 | B406: CA1510003 | C406: 2019-01-01 | D406: 67120 | E406: 883.90009 | F406: 62 | G406: 2100.8663 | H406: 688637.2 | I406: 6.8020417 | J406: 28.019742 | K406: California Water Service Company Bakersfield | L406: BK Bakersfield | M406: 2019
A407: 614 | B407: CA1510003 | C407: 2020-01-01 | D407: 67698.583 | E407: 885.61114 | F407: 62 | G407: 4765.4819 | H407: 1573276.2 | I407: 11.402505 | J407: 62.842497 | K407: California Water Service Company Bakersfield | L407: BK Bakersfield | M407: 2020
A408: 615 | B408: CA1510003 | C408: 2021-01-01 | D408: 66766 | E408: 885.61114 | F408: 64 | G408: 3369.8851 | H408: 1145109.1 | I408: 9.1798148 | J408: 45.183244 | K408: California Water Service Company Bakersfield | L408: BK Bakersfield | M408: 2021
A409: 616 | B409: CA1510003 | C409: 2022-01-01 | D409: 67041.583 | E409: 886.01421 | F409: 61 | G409: 2298.8964 | H409: 893204.26 | I409: 7.4029223 | J409: 30.69678 | K409: California Water Service Company Bakersfield | L409: BK Bakersfield | M409: 2022
A410: 617 | B410: CA1510003 | C410: 2023-01-01 | D410: 67039.75 | E410: 888.73437 | F410: 66 | G410: 2687.8671 | H410: 1076894 | I410: 8.5096353 | J410: 35.891622 | K410: California Water Service Company Bakersfield | L410: BK Bakersfield | M410: 2023
A411: 618 | B411: CA1510003 | C411: 2024-01-01 | D411: 67916.25 | E411: 895.32054 | F411: 66 | G411: 4513.6995 | H411: 1699935 | I411: 11.832282 | J411: 59.331474 | K411: California Water Service Company Bakersfield | L411: BK Bakersfield | M411: 2024
A412: 619 | B412: CA1510005 | C412: 2016-07-01 | D412: 9277 | E412: 140 | F412: 58 | G412: 295.04058 | H412: 45859.91 | I412: 7.1712041 | J412: 28.470289 | K412: Delano City Of | L412: Delano | M412: 2016
... A429: 636 | B429: CA1510012 | C429: 2016-07-01 | D429: 3152 | E429: 28.5 | F429: 46 | G429: 299.69809 | H429: 53524.801 | I429: 11.391802 | J429: 85.116831 | K429: Lamont Public Utility District | L429: Lamont | M429: 2016
A430: 637 | B430: CA1510012 | C430: 2017-01-01 | D430: 4000 | E430: 30 | F430: 77 | G430: 292.13614 | I430: 10.94778 | J430: 65.379706 | K430: Lamont Public Utility District | L430: Lamont | M430: 2017
A431: 638 | B431: CA1510012 | C431: 2017-07-01 | D431: 3152 | E431: 28.5 | F431: 46 | G431: 262.95366 | H431: 46962.402 | I431: 11.340736 | J431: 74.681096 | K431: Lamont Public Utility District | L431: Lamont | M431: 2017
A432: 639 | B432: CA1510012 | C432: 2018-07-01 | D432: 3152 | E432: 28.5 | F432: 46 | G432: 186.08315 | H432: 81057.701 | I432: 8.020601 | J432: 52.849213 | K432: Lamont Public Utility District | L432: Lamont | M432: 2018
A433: 640 | B433: CA1510012 | C433: 2019-07-01 | D433: 3152 | E433: 28.5 | F433: 46 | G433: 540.22403 | H433: 258853.36 | I433: 17.688601 | J433: 153.00791 | K433: Lamont Public Utility District | L433: Lamont | M433: 2019
A434: 641 | B434: CA1510012 | C434: 2020-07-01 | D434: 3160 | E434: 28.5 | F434: 54 | G434: 295.20543 | H434: 141450.42 | I434: 10.019517 | J434: 83.628621 | K434: Lamont Public Utility District | L434: Lamont | M434: 2020
A435: 642 | B435: CA1510012 | C435: 2021-07-01 | D435: 3152 | E435: 28.5 | F435: 54 | G435: 78.089108 | H435: 6361.3523 | I435: 5.4220677 | J435: 22.177977 | K435: Lamont Public Utility District | L435: Lamont | M435: 2021
A436: 643 | B436: CA1510012 | C436: 2022-07-01 | D436: 3152 | E436: 28.5 | F436: 49 | G436: 34.503586 | H436: 6330.7231 | I436: 2.7399655 | J436: 9.7993145 | K436: Lamont Public Utility District | L436: Lamont | M436: 2022
A437: 644 | B437: CA1510012 | C437: 2023-07-01 | D437: 3163 | E437: 28.5 | F437: 56 | G437: 84.241499 | H437: 24214.895 | I437: 3.2164819 | J437: 23.776783 | K437: Lamont Public Utility District | L437: Lamont | M437: 2023
A438: 645 | B438: CA1510012 | C438: 2024-07-01 | D438: 3163 | E438: 28.5 | F438: 73 | G438: 20.914923 | H438: 3950.4002 | I438: 1.393864 | J438: 5.9193601 | K438: Lamont Public Utility District | L438: Lamont | M438: 2024
A439: 646 | B439: CA1510015 | C439: 2016-01-01 | D439: 11246 | E439: 147.6 | F439: 50 | G439: 197.76901 | H439: 14832.675 | I439: 3.7707595 | J439: 15.699519 | K439: Oildale Mutual Water Company | L439: Bakersfield | M439: 2016
A440: 647 | B440: CA1510015 | C440: 2017-01-01 | D440: 11253 | E440: 147.6 | F440: 50 | G440: 191.89319 | H440: 14391.989 | I440: 3.5443743 | J440: 15.265426 | K440: Oildale Mutual Water Company | L440: Bakersfield | M440: 2017
A441: 648 | B441: CA1510015 | C441: 2018-01-01 | D441: 11426 | E441: 149.9 | F441: 50 | G441: 73.234817 | H441: 18118.294 | I441: 3.324237 | J441: 5.7377425 | K441: Oildale Mutual Water Company | L441: Bakersfield | M441: 2018
A442: 649 | B442: CA1510015 | C442: 2019-01-01 | D442: 11241 | E442: 155.9 | F442: 50 | G442: 58.95933 | H442: 34538.965 | I442: 3.4734054 | J442: 4.6953208 | K442: Oildale Mutual Water Company | L442: Bakersfield | M442: 2019
... A470: 677 | B470: CA1510019 | C470: 2020-01-01 | D470: 4847 | E470: 106.02 | F470: 55 | G470: 13.615992 | H470: 3948.7377 | I470: 2.2523392 | J470: 2.5078553 | K470: Shafter City Of | L470: City of Shafter | M470: 2020
A471: 678 | B471: CA1510019 | C471: 2021-01-01 | D471: 4847 | E471: 88 | F471: 55 | G471: 415.03706 | I471: 10.151818 | J471: 76.653419 | K471: Shafter City Of | L471: City of Shafter | M471: 2021
A472: 679 | B472: CA1510019 | C472: 2022-01-01 | D472: 4930 | E472: 88 | F472: 57 | G472: 18.474128 | H472: 5538.2271 | I472: 1.4329298 | J472: 3.3545534 | K472: Shafter City Of | L472: City of Shafter | M472: 2022
A473: 680 | B473: CA1510019 | C473: 2023-01-01 | D473: 4884 | E473: 88 | F473: 57 | G473: 155.57382 | H473: 65697.763 | I473: 4.6114022 | J473: 28.515339 | K473: Shafter City Of | L473: City of Shafter | M473: 2023
A474: 681 | B474: CA1510019 | C474: 2024-01-01 | D474: 4998 | E474: 122 | F474: 65 | G474: 608.79592 | H474: 169278.9 | I474: 14.045603 | J474: 108.74309 | K474: Shafter City Of | L474: City of Shafter | M474: 2024
A475: 682 | B475: CA1510020 | C475: 2016-01-01 | D475: 3085 | E475: 50 | F475: 55 | G475: 240.11429 | H475: 33616 | I475: 22.375283 | J475: 69.484674 | K475: Tehachapi City Of | L475: Tehachapi | M475: 2016
A476: 683 | B476: CA1510020 | C476: 2017-01-01 | D476: 3085 | E476: 50 | F476: 56 | G476: 127.73501 | H476: 17882.902 | I476: 16.798483 | J476: 37.065722 | K476: Tehachapi City Of | L476: Tehachapi | M476: 2017
A477: 684 | B477: CA1510020 | C477: 2018-01-01 | D477: 3529 | E477: 61 | F477: 71 | G477: 159.63696 | H477: 22349.174 | I477: 19.133879 | J477: 40.494818 | K477: Tehachapi City Of | L477: Tehachapi | M477: 2018
A478: 685 | B478: CA1510020 | C478: 2020-01-01 | D478: 3488 | E478: 61 | F478: 72 | G478: 217.80182 | H478: 23311.329 | I478: 15.438084 | J478: 55.74568 | K478: Tehachapi City Of | L478: Tehachapi | M478: 2020
A479: 686 | B479: CA1510021 | C479: 2016-01-01 | D479: 4945 | E479: 75 | F479: 56 | G479: 97.040867 | H479: 28017.922 | I479: 5.4383514 | J479: 17.519212 | K479: Wasco City Of | L479: City of Wasco | M479: 2016
A480: 687 | B480: CA1510021 | C480: 2018-01-01 | D480: 5103 | E480: 84 | F480: 65 | G480: 15.102392 | H480: 2724.3016 | I480: 2.7421045 | J480: 2.649341 | K480: Wasco City Of | L480: City of Wasco | M480: 2018
A481: 688 | B481: CA1510021 | C481: 2019-01-01 | D481: 5103 | E481: 84 | F481: 65 | G481: 15.102392 | H481: 19604.205 | I481: 2.7421045 | J481: 2.649341 | K481: Wasco City Of | L481: City of Wasco | M481: 2019
A482: 689 | B482: CA1510021 | C482: 2020-01-01 | D482: 5242 | E482: 87 | F482: 52 | G482: 488.4749 | H482: 56413.522 | I482: 17.038675 | J482: 83.190058 | K482: Wasco City Of | L482: City of Wasco | M482: 2020
A483: 690 | B483: CA1510021 | C483: 2021-01-01 | D483: 5242 | E483: 87 | F483: 52 | G483: -84.584072 | H483: -15187.958 | I483: -0.058668664 | J483: -14.444724 | K483: Wasco City Of | L483: City of Wasco | M483: 2021
... A495: 712 | B495: CA1510024 | C495: 2025-01-01 | D495: 3552 | E495: 47 | F495: 75 | G495: 228.45373 | H495: 142427.38 | I495: 15.107991 | J495: 57.576196 | K495: Greenfield County Water District | L495: Bakersfield | M495: 2025
A496: 722 | B496: CA1510029 | C496: 2016-01-01 | D496: 10550 | E496: 219.19 | F496: 73 | G496: 474.79326 | I496: 8.7625831 | J496: 40.177072 | K496: Vaughn Water Company | L496: Bakersfield | M496: 2016
A497: 723 | B497: CA1510029 | C497: 2017-01-01 | D497: 10741 | E497: 221 | F497: 56 | G497: 456.26538 | I497: 9.7278525 | J497: 38.02686 | K497: Vaughn Water Company | L497: Bakersfield | M497: 2017
A498: 724 | B498: CA1510029 | C498: 2018-01-01 | D498: 10892 | E498: 221 | F498: 53 | G498: 193.92232 | H498: 123329.76 | I498: 6.0233558 | J498: 15.938148 | K498: Vaughn Water Company | L498: Bakersfield | M498: 2018
A499: 725 | B499: CA1510029 | C499: 2019-01-01 | D499: 11039 | E499: 223.93 | F499: 53 | G499: 252.2529 | H499: 78285.919 | I499: 7.0077333 | J499: 20.45616 | K499: Vaughn Water Company | L499: Bakersfield | M499: 2019
A500: 726 | B500: CA1510029 | C500: 2020-01-01 | D500: 11095 | E500: 224.8 | F500: 53 | G500: 426.94198 | H500: 136356.54 | I500: 8.6080884 | J500: 34.353244 | K500: Vaughn Water Company | L500: Bakersfield | M500: 2020
A501: 727 | B501: CA1510031 | C501: 2016-01-01 | D501: 46397 | E501: 525 | F501: 55 | G501: 247.92565 | H501: 61220.28 | I501: 3.3692021 | J501: 4.7704324 | K501: Bakersfield City Of | L501: City of Bakersfield | M501: 2016
A502: 728 | B502: CA1510031 | C502: 2017-01-01 | D502: 46748 | E502: 589 | F502: 58 | G502: 1762.96 | H502: 263826.97 | I502: 6.8567266 | J502: 33.759585 | K502: Bakersfield City Of | L502: City of Bakersfield | M502: 2017
A503: 729 | B503: CA1510031 | C503: 2018-01-01 | D503: 46237 | E503: 594 | F503: 65 | G503: -2004.9387 | H503: -266974.32 | I503: -2.1471841 | J503: -38.81764 | K503: Bakersfield City Of | L503: City of Bakersfield | M503: 2018
A504: 730 | B504: CA1510031 | C504: 2019-01-01 | D504: 47167 | E504: 598 | F504: 60 | G504: 1253.6085 | H504: 179392.26 | I504: 5.6182281 | J504: 23.79257 | K504: Bakersfield City Of | L504: City of Bakersfield | M504: 2019
A505: 731 | B505: CA1510031 | C505: 2020-01-01 | D505: 48140 | E505: 613 | F505: 64 | G505: 1948.2021 | H505: 288820.96 | I505: 6.8669864 | J505: 36.128847 | K505: Bakersfield City Of | L505: City of Bakersfield | M505: 2020
A506: 732 | B506: CA1510031 | C506: 2021-01-01 | D506: 50029 | E506: 618 | F506: 61 | G506: 2587.4618 | H506: 387161.92 | I506: 8.0253136 | J506: 46.298808 | K506: Bakersfield City Of | L506: City of Bakersfield | M506: 2021
A507: 733 | B507: CA1510031 | C507: 2022-01-01 | D507: 50838 | E507: 620 | F507: 65 | G507: 1181.4043 | H507: 276495.87 | I507: 5.3978146 | J507: 20.803086 | K507: Bakersfield City Of | L507: City of Bakersfield | M507: 2022
A508: 734 | B508: CA1510031 | C508: 2023-01-01 | D508: 51357 | E508: 630.68 | F508: 66 | G508: 1555.796 | H508: 486124.03 | I508: 6.4016158 | J508: 27.118814 | K508: Bakersfield City Of | L508: City of Bakersfield | M508: 2023
A509: 735 | B509: CA1510031 | C509: 2024-01-01 | D509: 51664 | E509: 640.19 | F509: 63 | G509: 2460.1587 | H509: 750963.43 | I509: 8.1200944 | J509: 42.510996 | K509: Bakersfield City Of | L509: City of Bakersfield | M509: 2024
... A1253: 1672 | B1253: CA2010001 | C1253: 2023-01-01 | D1253: 4185 | E1253: 37 | F1253: 59 | G1253: 10.466749 | H1253: 5835.9156 | I1253: 0.95079225 | J1253: 2.2388965 | K1253: Chowchilla, City of Water Department | L1253: Chowchilla | M1253: 2023
A1254: 1673 | B1254: CA2010002 | C1254: 2017-01-01 | D1254: 14209 | E1254: 203 | F1254: 52 | G1254: 480.65251 | I1254: 15.214421 | J1254: 30.282057 | K1254: Madera City Of | L1254: City of Madera | M1254: 2017
A1255: 1674 | B1255: CA2010002 | C1255: 2018-01-01 | D1255: 14232 | E1255: 204 | F1255: 52 | G1255: 55.75556 | I1255: 5.5502413 | J1255: 3.5070336 | K1255: Madera City Of | L1255: City of Madera | M1255: 2018
A1256: 1675 | B1256: CA2010002 | C1256: 2019-01-01 | D1256: 14470 | E1256: 204 | F1256: 55 | G1256: 20.203764 | I1256: 5.1260886 | J1256: 1.2499177 | K1256: Madera City Of | L1256: City of Madera | M1256: 2019
A1257: 1676 | B1257: CA2010002 | C1257: 2020-01-01 | D1257: 13913 | E1257: 204 | F1257: 60 | G1257: 386.85163 | H1257: 745528.92 | I1257: 6.9443882 | J1257: 24.822747 | K1257: Madera City Of | L1257: City of Madera | M1257: 2020
A1258: 1677 | B1258: CA2010002 | C1258: 2021-01-01 | D1258: 14942 | E1258: 204 | F1258: 60 | G1258: 87.276571 | H1258: 8237.1447 | I1258: 5.7382135 | J1258: 5.2288552 | K1258: Madera City Of | L1258: City of Madera | M1258: 2021
A1259: 1678 | B1259: CA2010002 | C1259: 2022-01-01 | D1259: 15500 | E1259: 204 | F1259: 49 | G1259: 297.77321 | H1259: 23497.992 | I1259: 5.921427 | J1259: 17.197749 | K1259: Madera City Of | L1259: City of Madera | M1259: 2022
A1260: 1679 | B1260: CA2010002 | C1260: 2023-01-01 | D1260: 15683 | E1260: 204 | F1260: 49 | G1260: 697.81862 | H1260: 57099.757 | I1260: 10.626076 | J1260: 39.831906 | K1260: Madera City Of | L1260: City of Madera | M1260: 2023
A1261: 1680 | B1261: CA2010002 | C1261: 2024-01-01 | D1261: 15499 | E1261: 204.5 | F1261: 52 | G1261: 1041.4071 | H1261: 79813.591 | I1261: 14.002674 | J1261: 59.985055 | K1261: Madera City Of | L1261: City of Madera | M1261: 2024
A1262: 1704 | B1262: CA2110002 | C1262: 2016-01-01 | D1262: 61625 | E1262: 904.2 | F1262: 52 | G1262: 1361.2871 | H1262: 311245.83 | I1262: 9.2874137 | J1262: 19.720549 | K1262: Marin Municipal Water District | L1262: Corte Madera | M1262: 2016
A1263: 1705 | B1263: CA2110002 | C1263: 2017-01-01 | D1263: 63585 | E1263: 852.67 | F1263: 55 | G1263: 2006.4955 | H1263: 766019.78 | I1263: 11.448268 | J1263: 28.248877 | K1263: Marin Municipal Water District | L1263: Corte Madera | M1263: 2017
A1264: 1706 | B1264: CA2110002 | C1264: 2018-01-01 | D1264: 63665 | E1264: 852.95 | F1264: 55 | G1264: 1810.8205 | H1264: 717428.99 | I1264: 10.521479 | J1264: 25.46199 | K1264: Marin Municipal Water District | L1264: Corte Madera | M1264: 2018
...

Sheet pivot_yillar
A1: Yillar bo'yicha pivot jadval, 2016-2024
A2: 2015 va 2025 chala yillar bo'lgani uchun chiqarilgan.
B3: Data
A4: yil | B4: auditlar | C4: o'rtacha NRW % | D4: o'rtacha gal/ulanish/kun | E4: o'rtacha ishonchlilik balli
A5: 2016 | B5: 396 | C5: 9.3618762 | D5: 33.685169 | E5: 61.055556
A6: 2017 | B6: 394 | C6: 9.6087929 | D6: 34.600073 | E6: 62.751269
A7: 2018 | B7: 402 | C7: 9.0552291 | D7: 31.429557 | E7: 64.007463
A8: 2019 | B8: 394 | C8: 9.3158285 | D8: 31.496222 | E8: 65.393401
A9: 2020 | B9: 389 | C9: 9.4324641 | D9: 34.688072 | E9: 65.650386
A10: 2021 | B10: 390 | C10: 8.54488 | D10: 28.763587 | E10: 66.179487
A11: 2022 | B11: 387 | C11: 8.8283261 | D11: 29.851962 | E11: 64.369509
A12: 2023 | B12: 388 | C12: 9.4567259 | D12: 30.794081 | E12: 65.56701
A13: 2024 | B13: 375 | C13: 9.6446911 | D13: 33.041523 | E13: 66.128
A14: Jami | B14: 3515 | C14: 9.2483837 | D14: 32.039486 | E14: 64.550498

Sheet pivot_tizimlar
A1: Tizimlar bo'yicha pivot jadval
A2: Guruhlash tizim nomi bo'yicha. Bir tashkilotning bir necha tizimi birlashadi; pws_id darajasidagi taqqoslash reyting_farqi varag'ida.
B3: Data
A4: supplier_name | B4: auditlar | C4: o'rtacha NRW % | D4: o'rtacha gal/ulanish/kun | E4: o'rtacha ishonchlilik balli
A5: Adelanto City Of | B5: 6 | C5: 15.813071 | D5: 57.600865 | E5: 56.5
A6: Alameda County Water District | B6: 9 | C6: 7.3438053 | D6: 20.508614 | E6: 60.555556
A7: Alco Water Service | B7: 5 | C7: 4.820582 | D7: 15.258569 | E7: 79.2
A8: Alhambra City Of | B8: 9 | C8: 6.2795913 | D8: 19.040332 | E8: 62.777778
A9: Amador Water Agency | B9: 6 | C9: 24.678848 | D9: 37.805417 | E9: 57.833333
A10: American Canyon City Of | B10: 9 | C10: 7.1100295 | D10: 21.380501 | E10: 51.111111
A11: Anaheim City Of | B11: 9 | C11: 5.3857585 | D11: 17.772681 | E11: 71.777778
A12: Anderson City Of | B12: 9 | C12: 13.935386 | D12: 76.36866 | E12: 58
A13: Antioch City Of | B13: 10 | C13: 14.018605 | D13: 11.873441 | E13: 57.8
A14: Apple Valley Ranchos Water Company | B14: 9 | C14: 8.6118665 | D14: 28.209202 | E14: 66.555556
A15: Arcadia City Of | B15: 5 | C15: 8.2071509 | D15: 29.914642 | E15: 62.2
A16: Arcata City Of | B16: 9 | C16: 23.109613 | D16: 47.117755 | E16: 55.888889
... A394: Jami | B394: 3541 | C394: 9.2528408 | D394: 32.073584 | E394: 64.549562

Sheet yillar_nazorat
A1: Yillar bo'yicha nazorat jadvali (Excel formulalari bilan)
A2: Yillik ko'rsatkichlar AVERAGEIFS va COUNTIFS formulalari bilan qayta hisoblangan. Python hisobidan mustaqil, tekshirish uchun. 2015 va 2025 chala yillar, chiqarilgan.
A4: yil | B4: auditlar | C4: o'rtacha NRW % | D4: o'rtacha gal/ulanish/kun | E4: o'rtacha ishonchlilik balli
A5: 2016 | B5: =COUNTIFS(malumot!$M$2:$M$3542,$A5) -> 396 | C5: =AVERAGEIFS(malumot!$I$2:$I$3542,malumot!$M$2:$M$3542,$A5) -> 9.3618762 | D5: =AVERAGEIFS(malumot!$J$2:$J$3542,malumot!$M$2:$M$3542,$A5) -> 33.685169 | E5: =AVERAGEIFS(malumot!$F$2:$F$3542,malumot!$M$2:$M$3542,$A5) -> 61.055556
A6: 2017 | B6: =COUNTIFS(malumot!$M$2:$M$3542,$A6) -> 394 | C6: =AVERAGEIFS(malumot!$I$2:$I$3542,malumot!$M$2:$M$3542,$A6) -> 9.6087929 | D6: =AVERAGEIFS(malumot!$J$2:$J$3542,malumot!$M$2:$M$3542,$A6) -> 34.600073 | E6: =AVERAGEIFS(malumot!$F$2:$F$3542,malumot!$M$2:$M$3542,$A6) -> 62.751269
A7: 2018 | B7: =COUNTIFS(malumot!$M$2:$M$3542,$A7) -> 402 | C7: =AVERAGEIFS(malumot!$I$2:$I$3542,malumot!$M$2:$M$3542,$A7) -> 9.0552291 | D7: =AVERAGEIFS(malumot!$J$2:$J$3542,malumot!$M$2:$M$3542,$A7) -> 31.429557 | E7: =AVERAGEIFS(malumot!$F$2:$F$3542,malumot!$M$2:$M$3542,$A7) -> 64.007463
A8: 2019 | B8: =COUNTIFS(malumot!$M$2:$M$3542,$A8) -> 394 | C8: =AVERAGEIFS(malumot!$I$2:$I$3542,malumot!$M$2:$M$3542,$A8) -> 9.3158285 | D8: =AVERAGEIFS(malumot!$J$2:$J$3542,malumot!$M$2:$M$3542,$A8) -> 31.496222 | E8: =AVERAGEIFS(malumot!$F$2:$F$3542,malumot!$M$2:$M$3542,$A8) -> 65.393401
A9: 2020 | B9: =COUNTIFS(malumot!$M$2:$M$3542,$A9) -> 389 | C9: =AVERAGEIFS(malumot!$I$2:$I$3542,malumot!$M$2:$M$3542,$A9) -> 9.4324641 | D9: =AVERAGEIFS(malumot!$J$2:$J$3542,malumot!$M$2:$M$3542,$A9) -> 34.688072 | E9: =AVERAGEIFS(malumot!$F$2:$F$3542,malumot!$M$2:$M$3542,$A9) -> 65.650386
A10: 2021 | B10: =COUNTIFS(malumot!$M$2:$M$3542,$A10) -> 390 | C10: =AVERAGEIFS(malumot!$I$2:$I$3542,malumot!$M$2:$M$3542,$A10) -> 8.54488 | D10: =AVERAGEIFS(malumot!$J$2:$J$3542,malumot!$M$2:$M$3542,$A10) -> 28.763587 | E10: =AVERAGEIFS(malumot!$F$2:$F$3542,malumot!$M$2:$M$3542,$A10) -> 66.179487
A11: 2022 | B11: =COUNTIFS(malumot!$M$2:$M$3542,$A11) -> 387 | C11: =AVERAGEIFS(malumot!$I$2:$I$3542,malumot!$M$2:$M$3542,$A11) -> 8.8283261 | D11: =AVERAGEIFS(malumot!$J$2:$J$3542,malumot!$M$2:$M$3542,$A11) -> 29.851962 | E11: =AVERAGEIFS(malumot!$F$2:$F$3542,malumot!$M$2:$M$3542,$A11) -> 64.369509
A12: 2023 | B12: =COUNTIFS(malumot!$M$2:$M$3542,$A12) -> 388 | C12: =AVERAGEIFS(malumot!$I$2:$I$3542,malumot!$M$2:$M$3542,$A12) -> 9.4567259 | D12: =AVERAGEIFS(malumot!$J$2:$J$3542,malumot!$M$2:$M$3542,$A12) -> 30.794081 | E12: =AVERAGEIFS(malumot!$F$2:$F$3542,malumot!$M$2:$M$3542,$A12) -> 65.56701
A13: 2024 | B13: =COUNTIFS(malumot!$M$2:$M$3542,$A13) -> 375 | C13: =AVERAGEIFS(malumot!$I$2:$I$3542,malumot!$M$2:$M$3542,$A13) -> 9.6446911 | D13: =AVERAGEIFS(malumot!$J$2:$J$3542,malumot!$M$2:$M$3542,$A13) -> 33.041523 | E13: =AVERAGEIFS(malumot!$F$2:$F$3542,malumot!$M$2:$M$3542,$A13) -> 66.128
A14: Jami | B14: =SUM(B5:B13) -> 3515

Sheet izoh
A1: Varaqlar
A3: Varaq | B3: Nima
A4: malumot | B4: 3541 audit, 13 ustun. Pivot jadvallar uchun manba.
A5: pivot_yillar | B5: Yillar bo'yicha, 2016-2024.
A6: pivot_tizimlar | B6: 428 tizim bo'yicha, tizim nomi darajasida.
A7: yillar_nazorat | B7: Yillik ko'rsatkichlar formulalar bilan mustaqil hisoblangan.
A8: reyting_farqi | B8: Ikki ko'rsatkich bo'yicha o'rinlar farqi, pws_id darajasida.
A11: Ustunlar
A12: nrw_percent | B12: hisobga olinmagan suv / tizimga berilgan suv x 100
A13: real_losses_gcd | B13: real yo'qotish, bir ulanishga kuniga, gallon
A14: validity_score | B14: audit ishonchliligi balli, 0-100. O'lchov sifatini ko'rsatadi, yo'qotish miqdorini emas
A15: real_losses_cost_usd | B15: manbadagi yillik zarar, dollar. 31 auditda bo'sh
A16: yil | B16: period_start dan olingan
A19: Manba: CA DWR, tasdiqlangan suv yo'qotish auditlari, 2026-09-04. Chegaralar: zichlik >= 30, ulanishlar >= 3000.

Sheet reyting_farqi
A1: Ikki ko'rsatkich, ikki xil reyting
A2: Har bir tizim uchun ikkala ko'rsatkichning yillar bo'yicha o'rtachasi olindi va 428 tizim ichida o'rni belgilandi. Ro'yxat o'rinlar farqi bo'yicha kamayish tartibida.
A4: pws_id | B4: tizim nomi | C4: o'rtacha NRW % | D4: o'rtacha gal/ulanish/kun | E4: o'rin (foiz) | F4: o'rin (gallon) | G4: o'rinlar farqi
A5: CA3610008 | B5: Big Bear Community Services District | C5: =AVERAGEIFS(malumot!$I$2:$I$3542,malumot!$B$2:$B$3542,$A5) -> 15.030188 | D5: =AVERAGEIFS(malumot!$J$2:$J$3542,malumot!$B$2:$B$3542,$A5) -> 12.456723 | E5: =RANK(C5,$C$5:$C$432,0) -> 51 | F5: =RANK(D5,$D$5:$D$432,0) -> 368 | G5: =ABS(E5-F5) -> 317
A6: CA0710001 | B6: Antioch City Of | C6: =AVERAGEIFS(malumot!$I$2:$I$3542,malumot!$B$2:$B$3542,$A6) -> 14.018605 | D6: =AVERAGEIFS(malumot!$J$2:$J$3542,malumot!$B$2:$B$3542,$A6) -> 11.873441 | E6: =RANK(C6,$C$5:$C$432,0) -> 61 | F6: =RANK(D6,$D$5:$D$432,0) -> 373 | G6: =ABS(E6-F6) -> 312
A7: CA4010014 | B7: Cambria Community Service District | C7: =AVERAGEIFS(malumot!$I$2:$I$3542,malumot!$B$2:$B$3542,$A7) -> 15.638673 | D7: =AVERAGEIFS(malumot!$J$2:$J$3542,malumot!$B$2:$B$3542,$A7) -> 13.463966 | E7: =RANK(C7,$C$5:$C$432,0) -> 48 | F7: =RANK(D7,$D$5:$D$432,0) -> 360 | G7: =ABS(E7-F7) -> 312
A8: CA5510009 | B8: Groveland Community Services District | C8: =AVERAGEIFS(malumot!$I$2:$I$3542,malumot!$B$2:$B$3542,$A8) -> 20.60398 | D8: =AVERAGEIFS(malumot!$J$2:$J$3542,malumot!$B$2:$B$3542,$A8) -> 16.142915 | E8: =RANK(C8,$C$5:$C$432,0) -> 22 | F8: =RANK(D8,$D$5:$D$432,0) -> 326 | G8: =ABS(E8-F8) -> 304
A9: CA2410004 | B9: Livingston City Of | C9: =AVERAGEIFS(malumot!$I$2:$I$3542,malumot!$B$2:$B$3542,$A9) -> 6.0785396 | D9: =AVERAGEIFS(malumot!$J$2:$J$3542,malumot!$B$2:$B$3542,$A9) -> 74.657901 | E9: =RANK(C9,$C$5:$C$432,0) -> 311 | F9: =RANK(D9,$D$5:$D$432,0) -> 28 | G9: =ABS(E9-F9) -> 283
A10: CA3610044 | B10: Big Bear Lake City Of | C10: =AVERAGEIFS(malumot!$I$2:$I$3542,malumot!$B$2:$B$3542,$A10) -> 11.206103 | D10: =AVERAGEIFS(malumot!$J$2:$J$3542,malumot!$B$2:$B$3542,$A10) -> 10.629363 | E10: =RANK(C10,$C$5:$C$432,0) -> 105 | F10: =RANK(D10,$D$5:$D$432,0) -> 384 | G10: =ABS(E10-F10) -> 279
A11: CA3610015 | B11: Crestline Village Water District | C11: =AVERAGEIFS(malumot!$I$2:$I$3542,malumot!$B$2:$B$3542,$A11) -> 10.05686 | D11: =AVERAGEIFS(malumot!$J$2:$J$3542,malumot!$B$2:$B$3542,$A11) -> 9.5252702 | E11: =RANK(C11,$C$5:$C$432,0) -> 133 | F11: =RANK(D11,$D$5:$D$432,0) -> 394 | G11: =ABS(E11-F11) -> 261
A12: CA0410011 | B12: Del Oro Water Company | C12: =AVERAGEIFS(malumot!$I$2:$I$3542,malumot!$B$2:$B$3542,$A12) -> 21.629831 | D12: =AVERAGEIFS(malumot!$J$2:$J$3542,malumot!$B$2:$B$3542,$A12) -> 20.494424 | E12: =RANK(C12,$C$5:$C$432,0) -> 21 | F12: =RANK(D12,$D$5:$D$432,0) -> 269 | G12: =ABS(E12-F12) -> 248
A13: CA3610005 | B13: Lake Arrowhead Community Services District | C13: =AVERAGEIFS(malumot!$I$2:$I$3542,malumot!$B$2:$B$3542,$A13) -> 14.977225 | D13: =AVERAGEIFS(malumot!$J$2:$J$3542,malumot!$B$2:$B$3542,$A13) -> 18.649104 | E13: =RANK(C13,$C$5:$C$432,0) -> 53 | F13: =RANK(D13,$D$5:$D$432,0) -> 298 | G13: =ABS(E13-F13) -> 245
A14: CA4010026 | B14: Nipomo Community Service District | C14: =AVERAGEIFS(malumot!$I$2:$I$3542,malumot!$B$2:$B$3542,$A14) -> 11.937284 | D14: =AVERAGEIFS(malumot!$J$2:$J$3542,malumot!$B$2:$B$3542,$A14) -> 15.669943 | E14: =RANK(C14,$C$5:$C$432,0) -> 88 | F14: =RANK(D14,$D$5:$D$432,0) -> 332 | G14: =ABS(E14-F14) -> 244
A15: CA3610062 | B15: Running Springs Water District | C15: =AVERAGEIFS(malumot!$I$2:$I$3542,malumot!$B$2:$B$3542,$A15) -> 9.7345048 | D15: =AVERAGEIFS(malumot!$J$2:$J$3542,malumot!$B$2:$B$3542,$A15) -> 10.364214 | E15: =RANK(C15,$C$5:$C$432,0) -> 144 | F15: =RANK(D15,$D$5:$D$432,0) -> 388 | G15: =ABS(E15-F15) -> 244
A16: CA4110023 | B16: San Bruno City Of | C16: =AVERAGEIFS(malumot!$I$2:$I$3542,malumot!$B$2:$B$3542,$A16) -> 13.767656 | D16: =AVERAGEIFS(malumot!$J$2:$J$3542,malumot!$B$2:$B$3542,$A16) -> 17.902178 | E16: =RANK(C16,$C$5:$C$432,0) -> 65 | F16: =RANK(D16,$D$5:$D$432,0) -> 306 | G16: =ABS(E16-F16) -> 241
... A432: CA2810003 | B432: Napa City Of | C432: =AVERAGEIFS(malumot!$I$2:$I$3542,malumot!$B$2:$B$3542,$A432) -> 8.3366525 | D432: =AVERAGEIFS(malumot!$J$2:$J$3542,malumot!$B$2:$B$3542,$A432) -> 27.505284 | E432: =RANK(C432,$C$5:$C$432,0) -> 199 | F432: =RANK(D432,$D$5:$D$432,0) -> 199 | G432: =ABS(E432-F432) -> 0
